meter_id;timestamp;power_kw
1;2026-01-01 00:00:00.000;116,59
1;2026-01-01 01:00:00.000;108,72
1;2026-01-01 02:00:00.000;83,93
1;2026-01-01 03:00:00.000;83,56
1;2026-01-01 04:00:00.000;105,93
1;2026-01-01 05:00:00.000;112,66
1;2026-01-01 06:00:00.000;317,65
1;2026-01-01 07:00:00.000;287,32
1;2026-01-01 08:00:00.000;304,71
1;2026-01-01 09:00:00.000;362,71
1;2026-01-01 10:00:00.000;350,58
1;2026-01-01 11:00:00.000;333,96
1;2026-01-01 12:00:00.000;331,43
1;2026-01-01 13:00:00.000;336,69
1;2026-01-01 14:00:00.000;368,14
1;2026-01-01 15:00:00.000;347,44
1;2026-01-01 16:00:00.000;349,74
1;2026-01-01 17:00:00.000;354,94
1;2026-01-01 18:00:00.000;210,68
1;2026-01-01 19:00:00.000;200,07
1;2026-01-01 20:00:00.000;180,59
1;2026-01-01 21:00:00.000;211,75
1;2026-01-01 22:00:00.000;212,92
1;2026-01-01 23:00:00.000;166,37
1;2026-01-02 00:00:00.000;117,39
1;2026-01-02 01:00:00.000;99,91
1;2026-01-02 02:00:00.000;101,01
1;2026-01-02 03:00:00.000;85,98
1;2026-01-02 04:00:00.000;85,8
1;2026-01-02 05:00:00.000;111,62
1;2026-01-02 06:00:00.000;316,84
1;2026-01-02 07:00:00.000;291,48
1;2026-01-02 08:00:00.000;316
1;2026-01-02 09:00:00.000;358,15
1;2026-01-02 10:00:00.000;330,89
1;2026-01-02 11:00:00.000;349,18
1;2026-01-02 12:00:00.000;364,68
1;2026-01-02 13:00:00.000;367,39
1;2026-01-02 14:00:00.000;362,58
1;2026-01-02 15:00:00.000;339,75
1;2026-01-02 16:00:00.000;339,86
1;2026-01-02 17:00:00.000;343,03
1;2026-01-02 18:00:00.000;182,19
1;2026-01-02 19:00:00.000;199,65
1;2026-01-02 20:00:00.000;188,81
1;2026-01-02 21:00:00.000;198,15
1;2026-01-02 22:00:00.000;207,72
1;2026-01-02 23:00:00.000;148,3
1;2026-01-03 00:00:00.000;52,31
1;2026-01-03 01:00:00.000;76,2
1;2026-01-03 02:00:00.000;55,15
1;2026-01-03 03:00:00.000;51,63
1;2026-01-03 04:00:00.000;62,75
1;2026-01-03 05:00:00.000;73,45
1;2026-01-03 06:00:00.000;176,1
1;2026-01-03 07:00:00.000;196,29
1;2026-01-03 08:00:00.000;185,21
1;2026-01-03 09:00:00.000;226,38
1;2026-01-03 10:00:00.000;219,65
1;2026-01-03 11:00:00.000;242,78
1;2026-01-03 12:00:00.000;217,13
1;2026-01-03 13:00:00.000;219,03
1;2026-01-03 14:00:00.000;211,85
1;2026-01-03 15:00:00.000;224,83
1;2026-01-03 16:00:00.000;225,67
1;2026-01-03 17:00:00.000;220,32
1;2026-01-03 18:00:00.000;116,04
1;2026-01-03 19:00:00.000;132,43
1;2026-01-03 20:00:00.000;125,4
1;2026-01-03 21:00:00.000;111,66
1;2026-01-03 22:00:00.000;148,48
1;2026-01-03 23:00:00.000;99,53
1;2026-01-04 00:00:00.000;53,04
1;2026-01-04 01:00:00.000;77,68
1;2026-01-04 02:00:00.000;84,06
1;2026-01-04 03:00:00.000;79,44
1;2026-01-04 04:00:00.000;70,87
1;2026-01-04 05:00:00.000;76,33
1;2026-01-04 06:00:00.000;199,72
1;2026-01-04 07:00:00.000;204,81
1;2026-01-04 08:00:00.000;191,77
1;2026-01-04 09:00:00.000;226,84
1;2026-01-04 10:00:00.000;235,4
1;2026-01-04 11:00:00.000;231,83
1;2026-01-04 12:00:00.000;230,62
1;2026-01-04 13:00:00.000;207,81
1;2026-01-04 14:00:00.000;214,24
1;2026-01-04 15:00:00.000;208,88
1;2026-01-04 16:00:00.000;212,75
1;2026-01-04 17:00:00.000;242,31
1;2026-01-04 18:00:00.000;135,14
1;2026-01-04 19:00:00.000;132,71
1;2026-01-04 20:00:00.000;145,92
1;2026-01-04 21:00:00.000;145,7
1;2026-01-04 22:00:00.000;118,76
1;2026-01-04 23:00:00.000;91,1
1;2026-01-05 00:00:00.000;103,92
1;2026-01-05 01:00:00.000;107,73
1;2026-01-05 02:00:00.000;87,32
1;2026-01-05 03:00:00.000;93,55
1;2026-01-05 04:00:00.000;118,22
1;2026-01-05 05:00:00.000;90
1;2026-01-05 06:00:00.000;287,77
1;2026-01-05 07:00:00.000;288,46
1;2026-01-05 08:00:00.000;304,93
1;2026-01-05 09:00:00.000;362,45
1;2026-01-05 10:00:00.000;340,34
1;2026-01-05 11:00:00.000;357,51
1;2026-01-05 12:00:00.000;331,38
1;2026-01-05 13:00:00.000;333,99
1;2026-01-05 14:00:00.000;356,54
1;2026-01-05 15:00:00.000;338,18
1;2026-01-05 16:00:00.000;339,79
1;2026-01-05 17:00:00.000;355,92
1;2026-01-05 18:00:00.000;205,23
1;2026-01-05 19:00:00.000;189,7
1;2026-01-05 20:00:00.000;208,23
1;2026-01-05 21:00:00.000;205,26
1;2026-01-05 22:00:00.000;186,2
1;2026-01-05 23:00:00.000;151,25
1;2026-01-06 00:00:00.000;117,59
1;2026-01-06 01:00:00.000;110,2
1;2026-01-06 02:00:00.000;97,74
1;2026-01-06 03:00:00.000;88,43
1;2026-01-06 04:00:00.000;81,86
1;2026-01-06 05:00:00.000;89,43
1;2026-01-06 06:00:00.000;319,36
1;2026-01-06 07:00:00.000;302,55
1;2026-01-06 08:00:00.000;280,64
1;2026-01-06 09:00:00.000;366,43
1;2026-01-06 10:00:00.000;336,02
1;2026-01-06 11:00:00.000;357,06
1;2026-01-06 12:00:00.000;349,52
1;2026-01-06 13:00:00.000;340,46
1;2026-01-06 14:00:00.000;348,24
1;2026-01-06 15:00:00.000;350,32
1;2026-01-06 16:00:00.000;356,35
1;2026-01-06 17:00:00.000;353,38
1;2026-01-06 18:00:00.000;198,44
1;2026-01-06 19:00:00.000;194,23
1;2026-01-06 20:00:00.000;206,19
1;2026-01-06 21:00:00.000;210,66
1;2026-01-06 22:00:00.000;208,94
1;2026-01-06 23:00:00.000;130,64
1;2026-01-07 00:00:00.000;113,5
1;2026-01-07 01:00:00.000;95,64
1;2026-01-07 02:00:00.000;106,04
1;2026-01-07 03:00:00.000;92,63
1;2026-01-07 04:00:00.000;88,65
1;2026-01-07 05:00:00.000;80,1
1;2026-01-07 06:00:00.000;291,04
1;2026-01-07 07:00:00.000;286,41
1;2026-01-07 08:00:00.000;284,9
1;2026-01-07 09:00:00.000;357,14
1;2026-01-07 10:00:00.000;336,41
1;2026-01-07 11:00:00.000;335,18
1;2026-01-07 12:00:00.000;349,81
1;2026-01-07 13:00:00.000;348,8
1;2026-01-07 14:00:00.000;352,73
1;2026-01-07 15:00:00.000;344,32
1;2026-01-07 16:00:00.000;354,64
1;2026-01-07 17:00:00.000;336,81
1;2026-01-07 18:00:00.000;192,8
1;2026-01-07 19:00:00.000;186,93
1;2026-01-07 20:00:00.000;210,85
1;2026-01-07 21:00:00.000;182,31
1;2026-01-07 22:00:00.000;203,65
1;2026-01-07 23:00:00.000;143,49
1;2026-01-08 00:00:00.000;98,9
1;2026-01-08 01:00:00.000;102,24
1;2026-01-08 02:00:00.000;82,5
1;2026-01-08 03:00:00.000;107,82
1;2026-01-08 04:00:00.000;113,45
1;2026-01-08 05:00:00.000;103,73
1;2026-01-08 06:00:00.000;304,69
1;2026-01-08 07:00:00.000;317,8
1;2026-01-08 08:00:00.000;307,97
1;2026-01-08 09:00:00.000;339,47
1;2026-01-08 10:00:00.000;331,79
1;2026-01-08 11:00:00.000;364,87
1;2026-01-08 12:00:00.000;357,18
1;2026-01-08 13:00:00.000;349,35
1;2026-01-08 14:00:00.000;334,03
1;2026-01-08 15:00:00.000;340,78
1;2026-01-08 16:00:00.000;347,87
1;2026-01-08 17:00:00.000;347,47
1;2026-01-08 18:00:00.000;200,91
1;2026-01-08 19:00:00.000;187,43
1;2026-01-08 20:00:00.000;200,19
1;2026-01-08 21:00:00.000;217,45
1;2026-01-08 22:00:00.000;184,27
1;2026-01-08 23:00:00.000;159,51
1;2026-01-09 00:00:00.000;92,72
1;2026-01-09 01:00:00.000;108,91
1;2026-01-09 02:00:00.000;87,09
1;2026-01-09 03:00:00.000;99,25
1;2026-01-09 04:00:00.000;82,95
1;2026-01-09 05:00:00.000;104,22
1;2026-01-09 06:00:00.000;296,98
1;2026-01-09 07:00:00.000;316,46
1;2026-01-09 08:00:00.000;294,87
1;2026-01-09 09:00:00.000;358,18
1;2026-01-09 10:00:00.000;342,26
1;2026-01-09 11:00:00.000;340,79
1;2026-01-09 12:00:00.000;360,49
1;2026-01-09 13:00:00.000;350,17
1;2026-01-09 14:00:00.000;341,79
1;2026-01-09 15:00:00.000;351,01
1;2026-01-09 16:00:00.000;342,74
1;2026-01-09 17:00:00.000;334,59
1;2026-01-09 18:00:00.000;217,78
1;2026-01-09 19:00:00.000;210,63
1;2026-01-09 20:00:00.000;206,16
1;2026-01-09 21:00:00.000;208,95
1;2026-01-09 22:00:00.000;187,09
1;2026-01-09 23:00:00.000;168,38
1;2026-01-10 00:00:00.000;48,72
1;2026-01-10 01:00:00.000;78,22
1;2026-01-10 02:00:00.000;68,85
1;2026-01-10 03:00:00.000;48,14
1;2026-01-10 04:00:00.000;80,73
1;2026-01-10 05:00:00.000;66,81
1;2026-01-10 06:00:00.000;178,95
1;2026-01-10 07:00:00.000;198,77
1;2026-01-10 08:00:00.000;212,74
1;2026-01-10 09:00:00.000;227,2
1;2026-01-10 10:00:00.000;235,74
1;2026-01-10 11:00:00.000;234,79
1;2026-01-10 12:00:00.000;220,86
1;2026-01-10 13:00:00.000;215,1
1;2026-01-10 14:00:00.000;229,04
1;2026-01-10 15:00:00.000;222,62
1;2026-01-10 16:00:00.000;226,59
1;2026-01-10 17:00:00.000;242,48
1;2026-01-10 18:00:00.000;114,52
1;2026-01-10 19:00:00.000;113,23
1;2026-01-10 20:00:00.000;124,47
1;2026-01-10 21:00:00.000;149,5
1;2026-01-10 22:00:00.000;149,55
1;2026-01-10 23:00:00.000;84,64
1;2026-01-11 00:00:00.000;84,95
1;2026-01-11 01:00:00.000;59,15
1;2026-01-11 02:00:00.000;47,75
1;2026-01-11 03:00:00.000;45,47
1;2026-01-11 04:00:00.000;47,89
1;2026-01-11 05:00:00.000;74,64
1;2026-01-11 06:00:00.000;202,27
1;2026-01-11 07:00:00.000;209,55
1;2026-01-11 08:00:00.000;184,82
1;2026-01-11 09:00:00.000;239,26
1;2026-01-11 10:00:00.000;221,45
1;2026-01-11 11:00:00.000;213,07
1;2026-01-11 12:00:00.000;245,41
1;2026-01-11 13:00:00.000;220,68
1;2026-01-11 14:00:00.000;217,99
1;2026-01-11 15:00:00.000;229,53
1;2026-01-11 16:00:00.000;239,59
1;2026-01-11 17:00:00.000;244,17
1;2026-01-11 18:00:00.000;145,51
1;2026-01-11 19:00:00.000;123,05
1;2026-01-11 20:00:00.000;117,03
1;2026-01-11 21:00:00.000;118,94
1;2026-01-11 22:00:00.000;140,24
1;2026-01-11 23:00:00.000;91,75
1;2026-01-12 00:00:00.000;80,2
1;2026-01-12 01:00:00.000;89,99
1;2026-01-12 02:00:00.000;89,13
1;2026-01-12 03:00:00.000;87,58
1;2026-01-12 04:00:00.000;114,58
1;2026-01-12 05:00:00.000;101,49
1;2026-01-12 06:00:00.000;309
1;2026-01-12 07:00:00.000;281,36
1;2026-01-12 08:00:00.000;297,48
1;2026-01-12 09:00:00.000;423,5
1;2026-01-12 10:00:00.000;430,58
1;2026-01-12 11:00:00.000;445,37
1;2026-01-12 12:00:00.000;353,52
1;2026-01-12 13:00:00.000;360,2
1;2026-01-12 14:00:00.000;364,75
1;2026-01-12 15:00:00.000;356,72
1;2026-01-12 16:00:00.000;347,76
1;2026-01-12 17:00:00.000;334,2
1;2026-01-12 18:00:00.000;188,63
1;2026-01-12 19:00:00.000;183,21
1;2026-01-12 20:00:00.000;202,6
1;2026-01-12 21:00:00.000;202,56
1;2026-01-12 22:00:00.000;199,67
1;2026-01-12 23:00:00.000;153,08
1;2026-01-13 00:00:00.000;87,09
1;2026-01-13 01:00:00.000;107,58
1;2026-01-13 02:00:00.000;96,37
1;2026-01-13 03:00:00.000;93,18
1;2026-01-13 04:00:00.000;88,2
1;2026-01-13 05:00:00.000;90,85
1;2026-01-13 06:00:00.000;317,56
1;2026-01-13 07:00:00.000;317,77
1;2026-01-13 08:00:00.000;313,53
1;2026-01-13 09:00:00.000;346,45
1;2026-01-13 10:00:00.000;333,17
1;2026-01-13 11:00:00.000;349,06
1;2026-01-13 12:00:00.000;342,27
1;2026-01-13 13:00:00.000;356,18
1;2026-01-13 14:00:00.000;359,18
1;2026-01-13 15:00:00.000;334,74
1;2026-01-13 16:00:00.000;352,63
1;2026-01-13 17:00:00.000;367,23
1;2026-01-13 18:00:00.000;201,04
1;2026-01-13 19:00:00.000;193,35
1;2026-01-13 20:00:00.000;215,24
1;2026-01-13 21:00:00.000;219,93
1;2026-01-13 22:00:00.000;206,56
1;2026-01-13 23:00:00.000;164,18
1;2026-01-14 00:00:00.000;92,83
1;2026-01-14 01:00:00.000;106,17
1;2026-01-14 02:00:00.000;95,76
1;2026-01-14 03:00:00.000;109,77
1;2026-01-14 04:00:00.000;113,61
1;2026-01-14 05:00:00.000;113,13
1;2026-01-14 06:00:00.000;308,22
1;2026-01-14 07:00:00.000;313,59
1;2026-01-14 08:00:00.000;316,43
1;2026-01-14 09:00:00.000;353,17
1;2026-01-14 10:00:00.000;337,74
1;2026-01-14 11:00:00.000;357,15
1;2026-01-14 12:00:00.000;360,23
1;2026-01-14 13:00:00.000;347,26
1;2026-01-14 14:00:00.000;334,27
1;2026-01-14 15:00:00.000;355,94
1;2026-01-14 16:00:00.000;355,28
1;2026-01-14 17:00:00.000;342,06
1;2026-01-14 18:00:00.000;209,01
1;2026-01-14 19:00:00.000;211,79
1;2026-01-14 20:00:00.000;210,57
1;2026-01-14 21:00:00.000;215,77
1;2026-01-14 22:00:00.000;204,97
1;2026-01-14 23:00:00.000;149,4
1;2026-01-15 00:00:00.000;86,27
1;2026-01-15 01:00:00.000;113,68
1;2026-01-15 02:00:00.000;97,22
1;2026-01-15 03:00:00.000;115,98
1;2026-01-15 04:00:00.000;103,36
1;2026-01-15 05:00:00.000;91,31
1;2026-01-15 06:00:00.000;284,3
1;2026-01-15 07:00:00.000;314,22
1;2026-01-15 08:00:00.000;292,9
1;2026-01-15 09:00:00.000;354,95
1;2026-01-15 10:00:00.000;348,72
1;2026-01-15 11:00:00.000;330,01
1;2026-01-15 12:00:00.000;332,78
1;2026-01-15 13:00:00.000;360,74
1;2026-01-15 14:00:00.000;362,19
1;2026-01-15 15:00:00.000;347,3
1;2026-01-15 16:00:00.000;339,96
1;2026-01-15 17:00:00.000;337,53
1;2026-01-15 18:00:00.000;209,81
1;2026-01-15 19:00:00.000;216,47
1;2026-01-15 20:00:00.000;215,73
1;2026-01-15 21:00:00.000;188,38
1;2026-01-15 22:00:00.000;214,05
1;2026-01-15 23:00:00.000;165,68
1;2026-01-16 00:00:00.000;94,02
1;2026-01-16 01:00:00.000;103,53
1;2026-01-16 02:00:00.000;108,09
1;2026-01-16 03:00:00.000;87,76
1;2026-01-16 04:00:00.000;105,48
1;2026-01-16 05:00:00.000;81,2
1;2026-01-16 06:00:00.000;310,25
1;2026-01-16 07:00:00.000;309,08
1;2026-01-16 08:00:00.000;312,83
1;2026-01-16 09:00:00.000;339,71
1;2026-01-16 10:00:00.000;365,43
1;2026-01-16 11:00:00.000;354,86
1;2026-01-16 12:00:00.000;344,93
1;2026-01-16 13:00:00.000;366,24
1;2026-01-16 14:00:00.000;337,36
1;2026-01-16 15:00:00.000;369,45
1;2026-01-16 16:00:00.000;356,42
1;2026-01-16 17:00:00.000;354,38
1;2026-01-16 18:00:00.000;218,87
1;2026-01-16 19:00:00.000;200,22
1;2026-01-16 20:00:00.000;193,91
1;2026-01-16 21:00:00.000;198,49
1;2026-01-16 22:00:00.000;201,98
1;2026-01-16 23:00:00.000;148,74
1;2026-01-17 00:00:00.000;77,7
1;2026-01-17 01:00:00.000;58,21
1;2026-01-17 02:00:00.000;66,49
1;2026-01-17 03:00:00.000;56,63
1;2026-01-17 04:00:00.000;66,78
1;2026-01-17 05:00:00.000;55,02
1;2026-01-17 06:00:00.000;214,53
1;2026-01-17 07:00:00.000;204,88
1;2026-01-17 08:00:00.000;204,05
1;2026-01-17 09:00:00.000;218,12
1;2026-01-17 10:00:00.000;212,25
1;2026-01-17 11:00:00.000;208,9
1;2026-01-17 12:00:00.000;245,36
1;2026-01-17 13:00:00.000;247,11
1;2026-01-17 14:00:00.000;246,51
1;2026-01-17 15:00:00.000;246,48
1;2026-01-17 16:00:00.000;231,11
1;2026-01-17 17:00:00.000;212,29
1;2026-01-17 18:00:00.000;133,83
1;2026-01-17 19:00:00.000;143,42
1;2026-01-17 20:00:00.000;120,82
1;2026-01-17 21:00:00.000;138
1;2026-01-17 22:00:00.000;119,96
1;2026-01-17 23:00:00.000;112,73
1;2026-01-18 00:00:00.000;69,05
1;2026-01-18 01:00:00.000;78,12
1;2026-01-18 02:00:00.000;56,09
1;2026-01-18 03:00:00.000;82,29
1;2026-01-18 04:00:00.000;78,98
1;2026-01-18 05:00:00.000;47,79
1;2026-01-18 06:00:00.000;187,99
1;2026-01-18 07:00:00.000;176,11
1;2026-01-18 08:00:00.000;178,31
1;2026-01-18 09:00:00.000;221,21
1;2026-01-18 10:00:00.000;213,23
1;2026-01-18 11:00:00.000;233,59
1;2026-01-18 12:00:00.000;247
1;2026-01-18 13:00:00.000;225,54
1;2026-01-18 14:00:00.000;220,03
1;2026-01-18 15:00:00.000;229,55
1;2026-01-18 16:00:00.000;226
1;2026-01-18 17:00:00.000;216,28
1;2026-01-18 18:00:00.000;133,71
1;2026-01-18 19:00:00.000;140,96
1;2026-01-18 20:00:00.000;131,21
1;2026-01-18 21:00:00.000;113,13
1;2026-01-18 22:00:00.000;144,23
1;2026-01-18 23:00:00.000;107,05
1;2026-01-19 00:00:00.000;90,45
1;2026-01-19 01:00:00.000;100,05
1;2026-01-19 02:00:00.000;82,77
1;2026-01-19 03:00:00.000;115,33
1;2026-01-19 04:00:00.000;105,26
1;2026-01-19 05:00:00.000;110,82
1;2026-01-19 06:00:00.000;311,97
1;2026-01-19 07:00:00.000;288,45
1;2026-01-19 08:00:00.000;281
1;2026-01-19 09:00:00.000;336,4
1;2026-01-19 10:00:00.000;351,41
1;2026-01-19 11:00:00.000;357,35
1;2026-01-19 12:00:00.000;355,21
1;2026-01-19 13:00:00.000;360,96
1;2026-01-19 14:00:00.000;344,07
1;2026-01-19 15:00:00.000;333,44
1;2026-01-19 16:00:00.000;365,44
1;2026-01-19 17:00:00.000;367,69
1;2026-01-19 18:00:00.000;203,1
1;2026-01-19 19:00:00.000;197,62
1;2026-01-19 20:00:00.000;213,57
1;2026-01-19 21:00:00.000;190,16
1;2026-01-19 22:00:00.000;218,16
1;2026-01-19 23:00:00.000;157,47
1;2026-01-20 00:00:00.000;80,62
1;2026-01-20 01:00:00.000;116,52
1;2026-01-20 02:00:00.000;81,3
1;2026-01-20 03:00:00.000;106,28
1;2026-01-20 04:00:00.000;115,92
1;2026-01-20 05:00:00.000;88,45
1;2026-01-20 06:00:00.000;315,7
1;2026-01-20 07:00:00.000;291,27
1;2026-01-20 08:00:00.000;299,45
1;2026-01-20 09:00:00.000;332,93
1;2026-01-20 10:00:00.000;334,08
1;2026-01-20 11:00:00.000;330,19
1;2026-01-20 12:00:00.000;351
1;2026-01-20 13:00:00.000;361,7
1;2026-01-20 14:00:00.000;347,16
1;2026-01-20 15:00:00.000;358,22
1;2026-01-20 16:00:00.000;367,6
1;2026-01-20 17:00:00.000;333,87
1;2026-01-20 18:00:00.000;202,59
1;2026-01-20 19:00:00.000;191,24
1;2026-01-20 20:00:00.000;216,26
1;2026-01-20 21:00:00.000;205,52
1;2026-01-20 22:00:00.000;191,6
1;2026-01-20 23:00:00.000;161,74
1;2026-01-21 00:00:00.000;102,81
1;2026-01-21 01:00:00.000;102,68
1;2026-01-21 02:00:00.000;84,58
1;2026-01-21 03:00:00.000;102,64
1;2026-01-21 04:00:00.000;118,78
1;2026-01-21 05:00:00.000;84,4
1;2026-01-21 06:00:00.000;318,31
1;2026-01-21 07:00:00.000;298,16
1;2026-01-21 08:00:00.000;314,74
1;2026-01-21 09:00:00.000;352,35
1;2026-01-21 10:00:00.000;348,38
1;2026-01-21 11:00:00.000;367,35
1;2026-01-21 12:00:00.000;331,73
1;2026-01-21 13:00:00.000;335,77
1;2026-01-21 14:00:00.000;342,93
1;2026-01-21 15:00:00.000;335,64
1;2026-01-21 16:00:00.000;341,35
1;2026-01-21 17:00:00.000;339,71
1;2026-01-21 18:00:00.000;197,89
1;2026-01-21 19:00:00.000;208,05
1;2026-01-21 20:00:00.000;201,84
1;2026-01-21 21:00:00.000;190,04
1;2026-01-21 22:00:00.000;185,44
1;2026-01-21 23:00:00.000;132,95
1;2026-01-22 00:00:00.000;108,24
1;2026-01-22 01:00:00.000;82
1;2026-01-22 02:00:00.000;92,18
1;2026-01-22 03:00:00.000;84,81
1;2026-01-22 04:00:00.000;92,08
1;2026-01-22 05:00:00.000;98,1
1;2026-01-22 06:00:00.000;305,57
1;2026-01-22 07:00:00.000;295,23
1;2026-01-22 08:00:00.000;301,28
1;2026-01-22 09:00:00.000;424,58
1;2026-01-22 10:00:00.000;439,29
1;2026-01-22 11:00:00.000;417,38
1;2026-01-22 12:00:00.000;364,83
1;2026-01-22 13:00:00.000;351,26
1;2026-01-22 14:00:00.000;352,29
1;2026-01-22 15:00:00.000;330,83
1;2026-01-22 16:00:00.000;345,09
1;2026-01-22 17:00:00.000;369,26
1;2026-01-22 18:00:00.000;219,42
1;2026-01-22 19:00:00.000;198,97
1;2026-01-22 20:00:00.000;216,08
1;2026-01-22 21:00:00.000;190
1;2026-01-22 22:00:00.000;185,08
1;2026-01-22 23:00:00.000;140,13
1;2026-01-23 00:00:00.000;82,49
1;2026-01-23 01:00:00.000;99,59
1;2026-01-23 02:00:00.000;100,46
1;2026-01-23 03:00:00.000;112,35
1;2026-01-23 04:00:00.000;99,24
1;2026-01-23 05:00:00.000;111
1;2026-01-23 06:00:00.000;309,33
1;2026-01-23 07:00:00.000;306,45
1;2026-01-23 08:00:00.000;310,09
1;2026-01-23 09:00:00.000;357,37
1;2026-01-23 10:00:00.000;349,28
1;2026-01-23 11:00:00.000;345,93
1;2026-01-23 12:00:00.000;347,97
1;2026-01-23 13:00:00.000;331,33
1;2026-01-23 14:00:00.000;367,7
1;2026-01-23 15:00:00.000;350,23
1;2026-01-23 16:00:00.000;360,16
1;2026-01-23 17:00:00.000;354,71
1;2026-01-23 18:00:00.000;194,97
1;2026-01-23 19:00:00.000;199,49
1;2026-01-23 20:00:00.000;196,67
1;2026-01-23 21:00:00.000;217,4
1;2026-01-23 22:00:00.000;215,36
1;2026-01-23 23:00:00.000;136,59
1;2026-01-24 00:00:00.000;73,17
1;2026-01-24 01:00:00.000;79,1
1;2026-01-24 02:00:00.000;55,77
1;2026-01-24 03:00:00.000;45,51
1;2026-01-24 04:00:00.000;82,58
1;2026-01-24 05:00:00.000;71,28
1;2026-01-24 06:00:00.000;203,02
1;2026-01-24 07:00:00.000;202,51
1;2026-01-24 08:00:00.000;214,8
1;2026-01-24 09:00:00.000;243,38
1;2026-01-24 10:00:00.000;231,65
1;2026-01-24 11:00:00.000;221,34
1;2026-01-24 12:00:00.000;208,51
1;2026-01-24 13:00:00.000;234,22
1;2026-01-24 14:00:00.000;214,53
1;2026-01-24 15:00:00.000;238,76
1;2026-01-24 16:00:00.000;209,6
1;2026-01-24 17:00:00.000;243,48
1;2026-01-24 18:00:00.000;110,81
1;2026-01-24 19:00:00.000;144,98
1;2026-01-24 20:00:00.000;110,48
1;2026-01-24 21:00:00.000;141,98
1;2026-01-24 22:00:00.000;134,25
1;2026-01-24 23:00:00.000;117,33
1;2026-01-25 00:00:00.000;68,18
1;2026-01-25 01:00:00.000;76,44
1;2026-01-25 02:00:00.000;48,49
1;2026-01-25 03:00:00.000;52,12
1;2026-01-25 04:00:00.000;77,5
1;2026-01-25 05:00:00.000;59,45
1;2026-01-25 06:00:00.000;195,18
1;2026-01-25 07:00:00.000;214,13
1;2026-01-25 08:00:00.000;181,19
1;2026-01-25 09:00:00.000;243,52
1;2026-01-25 10:00:00.000;240,22
1;2026-01-25 11:00:00.000;234,15
1;2026-01-25 12:00:00.000;242,09
1;2026-01-25 13:00:00.000;247,07
1;2026-01-25 14:00:00.000;242,26
1;2026-01-25 15:00:00.000;235,53
1;2026-01-25 16:00:00.000;240,33
1;2026-01-25 17:00:00.000;210,26
1;2026-01-25 18:00:00.000;117,02
1;2026-01-25 19:00:00.000;112,94
1;2026-01-25 20:00:00.000;142,33
1;2026-01-25 21:00:00.000;123,61
1;2026-01-25 22:00:00.000;142,13
1;2026-01-25 23:00:00.000;97,11
1;2026-01-26 00:00:00.000;100,81
1;2026-01-26 01:00:00.000;115,58
1;2026-01-26 02:00:00.000;119,84
1;2026-01-26 03:00:00.000;95,44
1;2026-01-26 04:00:00.000;95,98
1;2026-01-26 05:00:00.000;89,11
1;2026-01-26 06:00:00.000;313,32
1;2026-01-26 07:00:00.000;296,53
1;2026-01-26 08:00:00.000;304,94
1;2026-01-26 09:00:00.000;348,07
1;2026-01-26 10:00:00.000;341,36
1;2026-01-26 11:00:00.000;347,4
1;2026-01-26 12:00:00.000;349,65
1;2026-01-26 13:00:00.000;366,32
1;2026-01-26 14:00:00.000;356,24
1;2026-01-26 15:00:00.000;337,79
1;2026-01-26 16:00:00.000;346,01
1;2026-01-26 17:00:00.000;330,6
1;2026-01-26 18:00:00.000;202,33
1;2026-01-26 19:00:00.000;197,83
1;2026-01-26 20:00:00.000;196,1
1;2026-01-26 21:00:00.000;190,67
1;2026-01-26 22:00:00.000;180,95
1;2026-01-26 23:00:00.000;150,77
1;2026-01-27 00:00:00.000;86,79
1;2026-01-27 01:00:00.000;85,14
1;2026-01-27 02:00:00.000;82,42
1;2026-01-27 03:00:00.000;81,91
1;2026-01-27 04:00:00.000;99,73
1;2026-01-27 05:00:00.000;119,71
1;2026-01-27 06:00:00.000;310,78
1;2026-01-27 07:00:00.000;306,86
1;2026-01-27 08:00:00.000;286,46
1;2026-01-27 09:00:00.000;341,44
1;2026-01-27 10:00:00.000;367,18
1;2026-01-27 11:00:00.000;352,92
1;2026-01-27 12:00:00.000;369,64
1;2026-01-27 13:00:00.000;358,27
1;2026-01-27 14:00:00.000;352,03
1;2026-01-27 15:00:00.000;366,38
1;2026-01-27 16:00:00.000;336,89
1;2026-01-27 17:00:00.000;348,82
1;2026-01-27 18:00:00.000;193,7
1;2026-01-27 19:00:00.000;216
1;2026-01-27 20:00:00.000;193,32
1;2026-01-27 21:00:00.000;195,97
1;2026-01-27 22:00:00.000;201,22
1;2026-01-27 23:00:00.000;160,01
1;2026-01-28 00:00:00.000;115,69
1;2026-01-28 01:00:00.000;111,15
1;2026-01-28 02:00:00.000;99,31
1;2026-01-28 03:00:00.000;103,42
1;2026-01-28 04:00:00.000;97,94
1;2026-01-28 05:00:00.000;108,86
1;2026-01-28 06:00:00.000;285,75
1;2026-01-28 07:00:00.000;308,75
1;2026-01-28 08:00:00.000;314,17
1;2026-01-28 09:00:00.000;361,21
1;2026-01-28 10:00:00.000;332,36
1;2026-01-28 11:00:00.000;333,62
1;2026-01-28 12:00:00.000;369,83
1;2026-01-28 13:00:00.000;368,18
1;2026-01-28 14:00:00.000;342,14
1;2026-01-28 15:00:00.000;354,24
1;2026-01-28 16:00:00.000;354,39
1;2026-01-28 17:00:00.000;332,62
1;2026-01-28 18:00:00.000;204,87
1;2026-01-28 19:00:00.000;199,42
1;2026-01-28 20:00:00.000;183,93
1;2026-01-28 21:00:00.000;197,04
1;2026-01-28 22:00:00.000;193,45
1;2026-01-28 23:00:00.000;169,6
1;2026-01-29 00:00:00.000;93,17
1;2026-01-29 01:00:00.000;113
1;2026-01-29 02:00:00.000;110,38
1;2026-01-29 03:00:00.000;82,79
1;2026-01-29 04:00:00.000;84,45
1;2026-01-29 05:00:00.000;105,49
1;2026-01-29 06:00:00.000;304,92
1;2026-01-29 07:00:00.000;299,68
1;2026-01-29 08:00:00.000;287,53
1;2026-01-29 09:00:00.000;369,3
1;2026-01-29 10:00:00.000;354,09
1;2026-01-29 11:00:00.000;357,94
1;2026-01-29 12:00:00.000;360,49
1;2026-01-29 13:00:00.000;364,58
1;2026-01-29 14:00:00.000;347,48
1;2026-01-29 15:00:00.000;356,54
1;2026-01-29 16:00:00.000;333,88
1;2026-01-29 17:00:00.000;355,59
1;2026-01-29 18:00:00.000;188,69
1;2026-01-29 19:00:00.000;190,59
1;2026-01-29 20:00:00.000;182,14
1;2026-01-29 21:00:00.000;208,42
1;2026-01-29 22:00:00.000;185,36
1;2026-01-29 23:00:00.000;144,58
1;2026-01-30 00:00:00.000;112
1;2026-01-30 01:00:00.000;119,82
1;2026-01-30 02:00:00.000;80,33
1;2026-01-30 03:00:00.000;97,09
1;2026-01-30 04:00:00.000;81,78
1;2026-01-30 05:00:00.000;83,04
1;2026-01-30 06:00:00.000;312
1;2026-01-30 07:00:00.000;294,27
1;2026-01-30 08:00:00.000;314,41
1;2026-01-30 09:00:00.000;359,8
1;2026-01-30 10:00:00.000;361,49
1;2026-01-30 11:00:00.000;331,1
1;2026-01-30 12:00:00.000;367,33
1;2026-01-30 13:00:00.000;332,47
1;2026-01-30 14:00:00.000;332
1;2026-01-30 15:00:00.000;336,89
1;2026-01-30 16:00:00.000;368,67
1;2026-01-30 17:00:00.000;348,99
1;2026-01-30 18:00:00.000;204,49
1;2026-01-30 19:00:00.000;209,69
1;2026-01-30 20:00:00.000;182,12
1;2026-01-30 21:00:00.000;191,56
1;2026-01-30 22:00:00.000;185,69
1;2026-01-30 23:00:00.000;147,08
2;2026-01-30 23:00:00.000;307,56
2;2026-01-30 22:00:00.000;301,84
2;2026-01-30 21:00:00.000;305,49
2;2026-01-30 20:00:00.000;295,06
2;2026-01-30 19:00:00.000;306,6
2;2026-01-30 18:00:00.000;293,45
2;2026-01-30 17:00:00.000;292,19
2;2026-01-30 16:00:00.000;304,42
2;2026-01-30 15:00:00.000;295,77
2;2026-01-30 14:00:00.000;309,43
2;2026-01-30 13:00:00.000;299,73
2;2026-01-30 12:00:00.000;291,75
2;2026-01-30 11:00:00.000;299,82
2;2026-01-30 10:00:00.000;304,16
2;2026-01-30 09:00:00.000;303,05
2;2026-01-30 08:00:00.000;296,84
2;2026-01-30 07:00:00.000;291,38
2;2026-01-30 06:00:00.000;302,94
2;2026-01-30 05:00:00.000;309,34
2;2026-01-30 04:00:00.000;306,23
2;2026-01-30 03:00:00.000;305,88
2;2026-01-30 02:00:00.000;304,33
2;2026-01-30 01:00:00.000;292,3
2;2026-01-30 00:00:00.000;304,16
2;2026-01-29 23:00:00.000;300,19
2;2026-01-29 22:00:00.000;294,08
2;2026-01-29 21:00:00.000;307,07
2;2026-01-29 20:00:00.000;304,37
2;2026-01-29 19:00:00.000;302,2
2;2026-01-29 18:00:00.000;309,11
2;2026-01-29 17:00:00.000;292,72
2;2026-01-29 16:00:00.000;309,2
2;2026-01-29 15:00:00.000;306,39
2;2026-01-29 14:00:00.000;296,86
2;2026-01-29 13:00:00.000;298,52
2;2026-01-29 12:00:00.000;298,43
2;2026-01-29 11:00:00.000;309,06
2;2026-01-29 10:00:00.000;307,6
2;2026-01-29 09:00:00.000;304,03
2;2026-01-29 08:00:00.000;307,37
2;2026-01-29 07:00:00.000;305,63
2;2026-01-29 06:00:00.000;305,39
2;2026-01-29 05:00:00.000;309,02
2;2026-01-29 04:00:00.000;304,74
2;2026-01-29 03:00:00.000;294,73
2;2026-01-29 02:00:00.000;291,87
2;2026-01-29 01:00:00.000;291,53
2;2026-01-29 00:00:00.000;291,03
2;2026-01-28 23:00:00.000;297,79
2;2026-01-28 22:00:00.000;295,62
2;2026-01-28 21:00:00.000;300,36
2;2026-01-28 20:00:00.000;300,12
2;2026-01-28 19:00:00.000;296,31
2;2026-01-28 18:00:00.000;300,24
2;2026-01-28 17:00:00.000;305,88
2;2026-01-28 16:00:00.000;304,11
2;2026-01-28 15:00:00.000;309,97
2;2026-01-28 14:00:00.000;292,96
2;2026-01-28 13:00:00.000;309,12
2;2026-01-28 12:00:00.000;292,38
2;2026-01-28 11:00:00.000;301,1
2;2026-01-28 10:00:00.000;295,38
2;2026-01-28 09:00:00.000;308,82
2;2026-01-28 08:00:00.000;306,32
2;2026-01-28 07:00:00.000;309,11
2;2026-01-28 06:00:00.000;304,15
2;2026-01-28 05:00:00.000;294,51
2;2026-01-28 04:00:00.000;305,93
2;2026-01-28 03:00:00.000;303,15
2;2026-01-28 02:00:00.000;299,43
2;2026-01-28 01:00:00.000;298,31
2;2026-01-28 00:00:00.000;304,13
2;2026-01-27 23:00:00.000;305,89
2;2026-01-27 22:00:00.000;291,7
2;2026-01-27 21:00:00.000;301,78
2;2026-01-27 20:00:00.000;292,32
2;2026-01-27 19:00:00.000;305,9
2;2026-01-27 18:00:00.000;301,21
2;2026-01-27 17:00:00.000;295,42
2;2026-01-27 16:00:00.000;309,92
2;2026-01-27 15:00:00.000;301,48
2;2026-01-27 14:00:00.000;291,43
2;2026-01-27 13:00:00.000;290,62
2;2026-01-27 12:00:00.000;294,13
2;2026-01-27 11:00:00.000;290,43
2;2026-01-27 10:00:00.000;304,96
2;2026-01-27 09:00:00.000;306,69
2;2026-01-27 08:00:00.000;304,66
2;2026-01-27 07:00:00.000;291,93
2;2026-01-27 06:00:00.000;305,86
2;2026-01-27 05:00:00.000;301,63
2;2026-01-27 04:00:00.000;305,18
2;2026-01-27 03:00:00.000;291,53
2;2026-01-27 02:00:00.000;293,66
2;2026-01-27 01:00:00.000;296,45
2;2026-01-27 00:00:00.000;309,46
2;2026-01-26 23:00:00.000;302,62
2;2026-01-26 22:00:00.000;293,18
2;2026-01-26 21:00:00.000;304,66
2;2026-01-26 20:00:00.000;308,74
2;2026-01-26 19:00:00.000;292,65
2;2026-01-26 18:00:00.000;299,3
2;2026-01-26 17:00:00.000;291,26
2;2026-01-26 16:00:00.000;309,69
2;2026-01-26 15:00:00.000;303,3
2;2026-01-26 14:00:00.000;294,68
2;2026-01-26 13:00:00.000;295,35
2;2026-01-26 12:00:00.000;294,54
2;2026-01-26 11:00:00.000;302,64
2;2026-01-26 10:00:00.000;303,92
2;2026-01-26 09:00:00.000;305,76
2;2026-01-26 08:00:00.000;304,49
2;2026-01-26 07:00:00.000;307,61
2;2026-01-26 06:00:00.000;306,8
2;2026-01-26 05:00:00.000;308,45
2;2026-01-26 04:00:00.000;296,58
2;2026-01-26 03:00:00.000;303,72
2;2026-01-26 02:00:00.000;290,17
2;2026-01-26 01:00:00.000;308,28
2;2026-01-26 00:00:00.000;296,14
2;2026-01-25 23:00:00.000;304,7
2;2026-01-25 22:00:00.000;303,72
2;2026-01-25 21:00:00.000;303,85
2;2026-01-25 20:00:00.000;307,86
2;2026-01-25 19:00:00.000;291,12
2;2026-01-25 18:00:00.000;304,19
2;2026-01-25 17:00:00.000;294,51
2;2026-01-25 16:00:00.000;294,76
2;2026-01-25 15:00:00.000;295,48
2;2026-01-25 14:00:00.000;292,33
2;2026-01-25 13:00:00.000;309,14
2;2026-01-25 12:00:00.000;307,82
2;2026-01-25 11:00:00.000;304,86
2;2026-01-25 10:00:00.000;298,4
2;2026-01-25 09:00:00.000;297,5
2;2026-01-25 08:00:00.000;295,38
2;2026-01-25 07:00:00.000;295,77
2;2026-01-25 06:00:00.000;306,34
2;2026-01-25 05:00:00.000;297,84
2;2026-01-25 04:00:00.000;302,02
2;2026-01-25 03:00:00.000;290,2
2;2026-01-25 02:00:00.000;309,1
2;2026-01-25 01:00:00.000;298,88
2;2026-01-25 00:00:00.000;299,09
2;2026-01-24 23:00:00.000;306,38
2;2026-01-24 22:00:00.000;294,8
2;2026-01-24 21:00:00.000;294,71
2;2026-01-24 20:00:00.000;300,1
2;2026-01-24 19:00:00.000;296,06
2;2026-01-24 18:00:00.000;302,98
2;2026-01-24 17:00:00.000;300,4
2;2026-01-24 16:00:00.000;301,25
2;2026-01-24 15:00:00.000;293,2
2;2026-01-24 14:00:00.000;306,76
2;2026-01-24 13:00:00.000;303
2;2026-01-24 12:00:00.000;302,22
2;2026-01-24 11:00:00.000;295,71
2;2026-01-24 10:00:00.000;298,1
2;2026-01-24 09:00:00.000;304,29
2;2026-01-24 08:00:00.000;291,44
2;2026-01-24 07:00:00.000;291
2;2026-01-24 06:00:00.000;290,82
2;2026-01-24 05:00:00.000;293,45
2;2026-01-24 04:00:00.000;291,11
2;2026-01-24 03:00:00.000;291,52
2;2026-01-24 02:00:00.000;304,96
2;2026-01-24 01:00:00.000;292,32
2;2026-01-24 00:00:00.000;296,08
2;2026-01-23 23:00:00.000;295,76
2;2026-01-23 22:00:00.000;296,62
2;2026-01-23 21:00:00.000;305,24
2;2026-01-23 20:00:00.000;295,5
2;2026-01-23 19:00:00.000;291,68
2;2026-01-23 18:00:00.000;302,99
2;2026-01-23 17:00:00.000;304,12
2;2026-01-23 16:00:00.000;301,01
2;2026-01-23 15:00:00.000;307,34
2;2026-01-23 14:00:00.000;300,03
2;2026-01-23 13:00:00.000;293,72
2;2026-01-23 12:00:00.000;294,11
2;2026-01-23 11:00:00.000;290,94
2;2026-01-23 10:00:00.000;307,67
2;2026-01-23 09:00:00.000;293,66
2;2026-01-23 08:00:00.000;304,39
2;2026-01-23 07:00:00.000;298,42
2;2026-01-23 06:00:00.000;295,48
2;2026-01-23 05:00:00.000;307,84
2;2026-01-23 04:00:00.000;302,51
2;2026-01-23 03:00:00.000;308,15
2;2026-01-23 02:00:00.000;304,74
2;2026-01-23 01:00:00.000;306,53
2;2026-01-23 00:00:00.000;305,82
2;2026-01-22 23:00:00.000;300,49
2;2026-01-22 22:00:00.000;300,62
2;2026-01-22 21:00:00.000;298,62
2;2026-01-22 20:00:00.000;297,47
2;2026-01-22 19:00:00.000;300,65
2;2026-01-22 18:00:00.000;305,21
2;2026-01-22 17:00:00.000;303,37
2;2026-01-22 16:00:00.000;300,61
2;2026-01-22 15:00:00.000;301,23
2;2026-01-22 14:00:00.000;291,79
2;2026-01-22 13:00:00.000;299,96
2;2026-01-22 12:00:00.000;292,62
2;2026-01-22 11:00:00.000;326,99
2;2026-01-22 10:00:00.000;331,11
2;2026-01-22 09:00:00.000;338,23
2;2026-01-22 08:00:00.000;305,34
2;2026-01-22 07:00:00.000;309,33
2;2026-01-22 06:00:00.000;290,76
2;2026-01-22 05:00:00.000;291,73
2;2026-01-22 04:00:00.000;309,49
2;2026-01-22 03:00:00.000;308,83
2;2026-01-22 02:00:00.000;297,46
2;2026-01-22 01:00:00.000;298,89
2;2026-01-22 00:00:00.000;298,46
2;2026-01-21 23:00:00.000;300,46
2;2026-01-21 22:00:00.000;291,91
2;2026-01-21 21:00:00.000;305,62
2;2026-01-21 20:00:00.000;300,31
2;2026-01-21 19:00:00.000;307,4
2;2026-01-21 18:00:00.000;302,3
2;2026-01-21 17:00:00.000;305,93
2;2026-01-21 16:00:00.000;300,21
2;2026-01-21 15:00:00.000;291,26
2;2026-01-21 14:00:00.000;303,19
2;2026-01-21 13:00:00.000;307,78
2;2026-01-21 12:00:00.000;293,12
2;2026-01-21 11:00:00.000;304,2
2;2026-01-21 10:00:00.000;303,54
2;2026-01-21 09:00:00.000;309,43
2;2026-01-21 08:00:00.000;298,88
2;2026-01-21 07:00:00.000;308,65
2;2026-01-21 06:00:00.000;302,55
2;2026-01-21 05:00:00.000;298,2
2;2026-01-21 04:00:00.000;306,79
2;2026-01-21 03:00:00.000;298,43
2;2026-01-21 02:00:00.000;295,28
2;2026-01-21 01:00:00.000;303,77
2;2026-01-21 00:00:00.000;302,6
2;2026-01-20 23:00:00.000;294,12
2;2026-01-20 22:00:00.000;293,44
2;2026-01-20 21:00:00.000;290,98
2;2026-01-20 20:00:00.000;308,36
2;2026-01-20 19:00:00.000;292,37
2;2026-01-20 18:00:00.000;301,76
2;2026-01-20 17:00:00.000;300,24
2;2026-01-20 16:00:00.000;295,45
2;2026-01-20 15:00:00.000;297,33
2;2026-01-20 14:00:00.000;298,35
2;2026-01-20 13:00:00.000;297,47
2;2026-01-20 12:00:00.000;290,14
2;2026-01-20 11:00:00.000;295,7
2;2026-01-20 10:00:00.000;299,06
2;2026-01-20 09:00:00.000;294,98
2;2026-01-20 08:00:00.000;300,96
2;2026-01-20 07:00:00.000;305,87
2;2026-01-20 06:00:00.000;291,99
2;2026-01-20 05:00:00.000;291,93
2;2026-01-20 04:00:00.000;292,61
2;2026-01-20 03:00:00.000;294,6
2;2026-01-20 02:00:00.000;292,6
2;2026-01-20 01:00:00.000;293,48
2;2026-01-20 00:00:00.000;292,49
2;2026-01-19 23:00:00.000;291,47
2;2026-01-19 22:00:00.000;308
2;2026-01-19 21:00:00.000;298,59
2;2026-01-19 20:00:00.000;303,62
2;2026-01-19 19:00:00.000;302,88
2;2026-01-19 18:00:00.000;306,64
2;2026-01-19 17:00:00.000;297,34
2;2026-01-19 16:00:00.000;303,16
2;2026-01-19 15:00:00.000;301,69
2;2026-01-19 14:00:00.000;309,46
2;2026-01-19 13:00:00.000;307,09
2;2026-01-19 12:00:00.000;307,08
2;2026-01-19 11:00:00.000;309,37
2;2026-01-19 10:00:00.000;305,38
2;2026-01-19 09:00:00.000;291,62
2;2026-01-19 08:00:00.000;290,06
2;2026-01-19 07:00:00.000;294,24
2;2026-01-19 06:00:00.000;309,63
2;2026-01-19 05:00:00.000;298,76
2;2026-01-19 04:00:00.000;300,2
2;2026-01-19 03:00:00.000;300,17
2;2026-01-19 02:00:00.000;301,71
2;2026-01-19 01:00:00.000;291,5
2;2026-01-19 00:00:00.000;292,68
2;2026-01-18 23:00:00.000;301,15
2;2026-01-18 22:00:00.000;291,29
2;2026-01-18 21:00:00.000;308,1
2;2026-01-18 20:00:00.000;296,6
2;2026-01-18 19:00:00.000;308,71
2;2026-01-18 18:00:00.000;309,38
2;2026-01-18 17:00:00.000;301,2
2;2026-01-18 16:00:00.000;298,45
2;2026-01-18 15:00:00.000;299,12
2;2026-01-18 14:00:00.000;296,81
2;2026-01-18 13:00:00.000;305
2;2026-01-18 12:00:00.000;309,36
2;2026-01-18 11:00:00.000;301,61
2;2026-01-18 10:00:00.000;303,96
2;2026-01-18 09:00:00.000;302,92
2;2026-01-18 08:00:00.000;294,9
2;2026-01-18 07:00:00.000;309,97
2;2026-01-18 06:00:00.000;301,45
2;2026-01-18 05:00:00.000;309,16
2;2026-01-18 04:00:00.000;302,33
2;2026-01-18 03:00:00.000;292,89
2;2026-01-18 02:00:00.000;296,97
2;2026-01-18 01:00:00.000;293,37
2;2026-01-18 00:00:00.000;309,91
2;2026-01-17 23:00:00.000;295,23
2;2026-01-17 22:00:00.000;295,16
2;2026-01-17 21:00:00.000;306,89
2;2026-01-17 20:00:00.000;298,09
2;2026-01-17 19:00:00.000;294,59
2;2026-01-17 18:00:00.000;306,93
2;2026-01-17 17:00:00.000;302,34
2;2026-01-17 16:00:00.000;304,49
2;2026-01-17 15:00:00.000;304,7
2;2026-01-17 14:00:00.000;301,42
2;2026-01-17 13:00:00.000;292,16
2;2026-01-17 12:00:00.000;307,4
2;2026-01-17 11:00:00.000;302,26
2;2026-01-17 10:00:00.000;306,56
2;2026-01-17 09:00:00.000;297,65
2;2026-01-17 08:00:00.000;294,95
2;2026-01-17 07:00:00.000;291,53
2;2026-01-17 06:00:00.000;303,8
2;2026-01-17 05:00:00.000;300,84
2;2026-01-17 04:00:00.000;303,28
2;2026-01-17 03:00:00.000;309,57
2;2026-01-17 02:00:00.000;305,9
2;2026-01-17 01:00:00.000;302,79
2;2026-01-17 00:00:00.000;305,35
2;2026-01-16 23:00:00.000;294,17
2;2026-01-16 22:00:00.000;295,46
2;2026-01-16 21:00:00.000;309,37
2;2026-01-16 20:00:00.000;303,51
2;2026-01-16 19:00:00.000;299,14
2;2026-01-16 18:00:00.000;293,98
2;2026-01-16 17:00:00.000;306,61
2;2026-01-16 16:00:00.000;292,71
2;2026-01-16 15:00:00.000;308,46
2;2026-01-16 14:00:00.000;295,72
2;2026-01-16 13:00:00.000;295,58
2;2026-01-16 12:00:00.000;295,4
2;2026-01-16 11:00:00.000;295,78
2;2026-01-16 10:00:00.000;297,69
2;2026-01-16 09:00:00.000;301,47
2;2026-01-16 08:00:00.000;300,32
2;2026-01-16 07:00:00.000;293,97
2;2026-01-16 06:00:00.000;295,9
2;2026-01-16 05:00:00.000;307,69
2;2026-01-16 04:00:00.000;309,58
2;2026-01-16 03:00:00.000;309,57
2;2026-01-16 02:00:00.000;305,62
2;2026-01-16 01:00:00.000;291,99
2;2026-01-16 00:00:00.000;306,09
2;2026-01-15 23:00:00.000;291,37
2;2026-01-15 22:00:00.000;298,3
2;2026-01-15 21:00:00.000;302,44
2;2026-01-15 20:00:00.000;303,95
2;2026-01-15 19:00:00.000;300,3
2;2026-01-15 18:00:00.000;306,26
2;2026-01-15 17:00:00.000;308,19
2;2026-01-15 16:00:00.000;298,13
2;2026-01-15 15:00:00.000;304,08
2;2026-01-15 14:00:00.000;302,66
2;2026-01-15 13:00:00.000;294,1
2;2026-01-15 12:00:00.000;291,68
2;2026-01-15 11:00:00.000;293,03
2;2026-01-15 10:00:00.000;308,27
2;2026-01-15 09:00:00.000;305,07
2;2026-01-15 08:00:00.000;296,02
2;2026-01-15 07:00:00.000;302,65
2;2026-01-15 06:00:00.000;292,25
2;2026-01-15 05:00:00.000;300,5
2;2026-01-15 04:00:00.000;304,74
2;2026-01-15 03:00:00.000;307,3
2;2026-01-15 02:00:00.000;302,7
2;2026-01-15 01:00:00.000;298,29
2;2026-01-15 00:00:00.000;294,72
2;2026-01-14 23:00:00.000;301,39
2;2026-01-14 22:00:00.000;292,46
2;2026-01-14 21:00:00.000;295,55
2;2026-01-14 20:00:00.000;303,43
2;2026-01-14 19:00:00.000;307,54
2;2026-01-14 18:00:00.000;306,96
2;2026-01-14 17:00:00.000;295,94
2;2026-01-14 16:00:00.000;307,67
2;2026-01-14 15:00:00.000;297,84
2;2026-01-14 14:00:00.000;293,18
2;2026-01-14 13:00:00.000;300,07
2;2026-01-14 12:00:00.000;302,92
2;2026-01-14 11:00:00.000;290,03
2;2026-01-14 10:00:00.000;304,15
2;2026-01-14 09:00:00.000;301,02
2;2026-01-14 08:00:00.000;309,01
2;2026-01-14 07:00:00.000;299,25
2;2026-01-14 06:00:00.000;299,98
2;2026-01-14 05:00:00.000;298,72
2;2026-01-14 04:00:00.000;306,72
2;2026-01-14 03:00:00.000;303,54
2;2026-01-14 02:00:00.000;296,14
2;2026-01-14 01:00:00.000;299,1
2;2026-01-14 00:00:00.000;290,03
2;2026-01-13 23:00:00.000;298,93
2;2026-01-13 22:00:00.000;308,91
2;2026-01-13 21:00:00.000;294,06
2;2026-01-13 20:00:00.000;290,2
2;2026-01-13 19:00:00.000;300,06
2;2026-01-13 18:00:00.000;293,56
2;2026-01-13 17:00:00.000;302,36
2;2026-01-13 16:00:00.000;297,4
2;2026-01-13 15:00:00.000;306,18
2;2026-01-13 14:00:00.000;297,5
2;2026-01-13 13:00:00.000;307,56
2;2026-01-13 12:00:00.000;292,71
2;2026-01-13 11:00:00.000;290,31
2;2026-01-13 10:00:00.000;290,42
2;2026-01-13 09:00:00.000;306,7
2;2026-01-13 08:00:00.000;306,89
2;2026-01-13 07:00:00.000;308,98
2;2026-01-13 06:00:00.000;290,98
2;2026-01-13 05:00:00.000;309,04
2;2026-01-13 04:00:00.000;295,04
2;2026-01-13 03:00:00.000;290,16
2;2026-01-13 02:00:00.000;299,36
2;2026-01-13 01:00:00.000;306,96
2;2026-01-13 00:00:00.000;295,02
2;2026-01-12 23:00:00.000;305,61
2;2026-01-12 22:00:00.000;305,71
2;2026-01-12 21:00:00.000;291,52
2;2026-01-12 20:00:00.000;303,17
2;2026-01-12 19:00:00.000;301,41
2;2026-01-12 18:00:00.000;294,85
2;2026-01-12 17:00:00.000;306,27
2;2026-01-12 16:00:00.000;303,46
2;2026-01-12 15:00:00.000;300,93
2;2026-01-12 14:00:00.000;290,37
2;2026-01-12 13:00:00.000;297,4
2;2026-01-12 12:00:00.000;290,88
2;2026-01-12 11:00:00.000;331,04
2;2026-01-12 10:00:00.000;325,43
2;2026-01-12 09:00:00.000;324,94
2;2026-01-12 08:00:00.000;304,48
2;2026-01-12 07:00:00.000;292,94
2;2026-01-12 06:00:00.000;300,56
2;2026-01-12 05:00:00.000;291,19
2;2026-01-12 04:00:00.000;294,16
2;2026-01-12 03:00:00.000;309,54
2;2026-01-12 02:00:00.000;297,65
2;2026-01-12 01:00:00.000;299,57
2;2026-01-12 00:00:00.000;301,55
2;2026-01-11 23:00:00.000;300,01
2;2026-01-11 22:00:00.000;300,76
2;2026-01-11 21:00:00.000;296,66
2;2026-01-11 20:00:00.000;298,22
2;2026-01-11 19:00:00.000;300,98
2;2026-01-11 18:00:00.000;303,17
2;2026-01-11 17:00:00.000;295,34
2;2026-01-11 16:00:00.000;298,77
2;2026-01-11 15:00:00.000;303,77
2;2026-01-11 14:00:00.000;304,98
2;2026-01-11 13:00:00.000;302,45
2;2026-01-11 12:00:00.000;307
2;2026-01-11 11:00:00.000;304,33
2;2026-01-11 10:00:00.000;309,37
2;2026-01-11 09:00:00.000;306,56
2;2026-01-11 08:00:00.000;306,09
2;2026-01-11 07:00:00.000;300,67
2;2026-01-11 06:00:00.000;298,27
2;2026-01-11 05:00:00.000;308,04
2;2026-01-11 04:00:00.000;303,4
2;2026-01-11 03:00:00.000;307,54
2;2026-01-11 02:00:00.000;298,34
2;2026-01-11 01:00:00.000;300,6
2;2026-01-11 00:00:00.000;296,76
2;2026-01-10 23:00:00.000;295,78
2;2026-01-10 22:00:00.000;307,26
2;2026-01-10 21:00:00.000;304,46
2;2026-01-10 20:00:00.000;307,68
2;2026-01-10 19:00:00.000;303,99
2;2026-01-10 18:00:00.000;300,01
2;2026-01-10 17:00:00.000;290,79
2;2026-01-10 16:00:00.000;293,71
2;2026-01-10 15:00:00.000;300,33
2;2026-01-10 14:00:00.000;298,5
2;2026-01-10 13:00:00.000;299,92
2;2026-01-10 12:00:00.000;308,08
2;2026-01-10 11:00:00.000;298,6
2;2026-01-10 10:00:00.000;293,44
2;2026-01-10 09:00:00.000;290,13
2;2026-01-10 08:00:00.000;292,29
2;2026-01-10 07:00:00.000;306,5
2;2026-01-10 06:00:00.000;301,24
2;2026-01-10 05:00:00.000;298,51
2;2026-01-10 04:00:00.000;300,23
2;2026-01-10 03:00:00.000;299,17
2;2026-01-10 02:00:00.000;303,48
2;2026-01-10 01:00:00.000;306,16
2;2026-01-10 00:00:00.000;303,15
2;2026-01-09 23:00:00.000;300,79
2;2026-01-09 22:00:00.000;301,82
2;2026-01-09 21:00:00.000;290,15
2;2026-01-09 20:00:00.000;306,4
2;2026-01-09 19:00:00.000;293,79
2;2026-01-09 18:00:00.000;297,32
2;2026-01-09 17:00:00.000;305,9
2;2026-01-09 16:00:00.000;303,21
2;2026-01-09 15:00:00.000;297,96
2;2026-01-09 14:00:00.000;300,3
2;2026-01-09 13:00:00.000;290,7
2;2026-01-09 12:00:00.000;292,57
2;2026-01-09 11:00:00.000;302,18
2;2026-01-09 10:00:00.000;294,34
2;2026-01-09 09:00:00.000;305,77
2;2026-01-09 08:00:00.000;303,54
2;2026-01-09 07:00:00.000;292,46
2;2026-01-09 06:00:00.000;308,19
2;2026-01-09 05:00:00.000;298,91
2;2026-01-09 04:00:00.000;292,14
2;2026-01-09 03:00:00.000;290,94
2;2026-01-09 02:00:00.000;293,84
2;2026-01-09 01:00:00.000;300,86
2;2026-01-09 00:00:00.000;307,28
2;2026-01-08 23:00:00.000;294,6
2;2026-01-08 22:00:00.000;301,73
2;2026-01-08 21:00:00.000;301,43
2;2026-01-08 20:00:00.000;308,51
2;2026-01-08 19:00:00.000;301,63
2;2026-01-08 18:00:00.000;296,31
2;2026-01-08 17:00:00.000;292,33
2;2026-01-08 16:00:00.000;304,44
2;2026-01-08 15:00:00.000;296,44
2;2026-01-08 14:00:00.000;304,2
2;2026-01-08 13:00:00.000;307,5
2;2026-01-08 12:00:00.000;300,65
2;2026-01-08 11:00:00.000;309,49
2;2026-01-08 10:00:00.000;296,14
2;2026-01-08 09:00:00.000;308,6
2;2026-01-08 08:00:00.000;301,02
2;2026-01-08 07:00:00.000;301
2;2026-01-08 06:00:00.000;303,98
2;2026-01-08 05:00:00.000;301,63
2;2026-01-08 04:00:00.000;303,29
2;2026-01-08 03:00:00.000;305,75
2;2026-01-08 02:00:00.000;292,65
2;2026-01-08 01:00:00.000;303,04
2;2026-01-08 00:00:00.000;299,9
2;2026-01-07 23:00:00.000;290,03
2;2026-01-07 22:00:00.000;290,69
2;2026-01-07 21:00:00.000;304,4
2;2026-01-07 20:00:00.000;298,86
2;2026-01-07 19:00:00.000;308,83
2;2026-01-07 18:00:00.000;301,57
2;2026-01-07 17:00:00.000;296
2;2026-01-07 16:00:00.000;302,64
2;2026-01-07 15:00:00.000;299,2
2;2026-01-07 14:00:00.000;308,51
2;2026-01-07 13:00:00.000;302,14
2;2026-01-07 12:00:00.000;309,71
2;2026-01-07 11:00:00.000;294,78
2;2026-01-07 10:00:00.000;292,86
2;2026-01-07 09:00:00.000;297,44
2;2026-01-07 08:00:00.000;298,85
2;2026-01-07 07:00:00.000;292,35
2;2026-01-07 06:00:00.000;301,04
2;2026-01-07 05:00:00.000;295,54
2;2026-01-07 04:00:00.000;304,39
2;2026-01-07 03:00:00.000;291,65
2;2026-01-07 02:00:00.000;293,46
2;2026-01-07 01:00:00.000;306,38
2;2026-01-07 00:00:00.000;300,08
2;2026-01-06 23:00:00.000;302,06
2;2026-01-06 22:00:00.000;306,36
2;2026-01-06 21:00:00.000;292,09
2;2026-01-06 20:00:00.000;308,38
2;2026-01-06 19:00:00.000;299,03
2;2026-01-06 18:00:00.000;299,59
2;2026-01-06 17:00:00.000;304,79
2;2026-01-06 16:00:00.000;298,3
2;2026-01-06 15:00:00.000;301,49
2;2026-01-06 14:00:00.000;307,44
2;2026-01-06 13:00:00.000;291,9
2;2026-01-06 12:00:00.000;301,25
2;2026-01-06 11:00:00.000;294,7
2;2026-01-06 10:00:00.000;308,09
2;2026-01-06 09:00:00.000;305,16
2;2026-01-06 08:00:00.000;292,87
2;2026-01-06 07:00:00.000;303,27
2;2026-01-06 06:00:00.000;294,62
2;2026-01-06 05:00:00.000;295,99
2;2026-01-06 04:00:00.000;306,72
2;2026-01-06 03:00:00.000;290,2
2;2026-01-06 02:00:00.000;295,61
2;2026-01-06 01:00:00.000;291,42
2;2026-01-06 00:00:00.000;299,66
2;2026-01-05 23:00:00.000;302,6
2;2026-01-05 22:00:00.000;308,08
2;2026-01-05 21:00:00.000;306,35
2;2026-01-05 20:00:00.000;301,76
2;2026-01-05 19:00:00.000;290,68
2;2026-01-05 18:00:00.000;308,49
2;2026-01-05 17:00:00.000;290,31
2;2026-01-05 16:00:00.000;309,85
2;2026-01-05 15:00:00.000;294,34
2;2026-01-05 14:00:00.000;309,84
2;2026-01-05 13:00:00.000;298,44
2;2026-01-05 12:00:00.000;298,08
2;2026-01-05 11:00:00.000;308,16
2;2026-01-05 10:00:00.000;297,55
2;2026-01-05 09:00:00.000;297,11
2;2026-01-05 08:00:00.000;294,66
2;2026-01-05 07:00:00.000;300,45
2;2026-01-05 06:00:00.000;307,61
2;2026-01-05 05:00:00.000;306,1
2;2026-01-05 04:00:00.000;303,82
2;2026-01-05 03:00:00.000;297,17
2;2026-01-05 02:00:00.000;296,2
2;2026-01-05 01:00:00.000;302,41
2;2026-01-05 00:00:00.000;295,61
2;2026-01-04 23:00:00.000;292,31
2;2026-01-04 22:00:00.000;290,8
2;2026-01-04 21:00:00.000;291,58
2;2026-01-04 20:00:00.000;300,53
2;2026-01-04 19:00:00.000;294,78
2;2026-01-04 18:00:00.000;309,96
2;2026-01-04 17:00:00.000;309,9
2;2026-01-04 16:00:00.000;305,88
2;2026-01-04 15:00:00.000;303,6
2;2026-01-04 14:00:00.000;292,59
2;2026-01-04 13:00:00.000;291,22
2;2026-01-04 12:00:00.000;303,6
2;2026-01-04 11:00:00.000;294,79
2;2026-01-04 10:00:00.000;301,86
2;2026-01-04 09:00:00.000;294,8
2;2026-01-04 08:00:00.000;295,07
2;2026-01-04 07:00:00.000;293,89
2;2026-01-04 06:00:00.000;304,18
2;2026-01-04 05:00:00.000;302,56
2;2026-01-04 04:00:00.000;291,56
2;2026-01-04 03:00:00.000;301,57
2;2026-01-04 02:00:00.000;306,37
2;2026-01-04 01:00:00.000;299,26
2;2026-01-04 00:00:00.000;304,07
2;2026-01-03 23:00:00.000;293,71
2;2026-01-03 22:00:00.000;292,63
2;2026-01-03 21:00:00.000;301,04
2;2026-01-03 20:00:00.000;297,52
2;2026-01-03 19:00:00.000;301,54
2;2026-01-03 18:00:00.000;296,26
2;2026-01-03 17:00:00.000;290,39
2;2026-01-03 16:00:00.000;298,13
2;2026-01-03 15:00:00.000;303,8
2;2026-01-03 14:00:00.000;302,55
2;2026-01-03 13:00:00.000;304,19
2;2026-01-03 12:00:00.000;292,43
2;2026-01-03 11:00:00.000;297,57
2;2026-01-03 10:00:00.000;301,75
2;2026-01-03 09:00:00.000;307,61
2;2026-01-03 08:00:00.000;302,83
2;2026-01-03 07:00:00.000;296,69
2;2026-01-03 06:00:00.000;304,03
2;2026-01-03 05:00:00.000;307,69
2;2026-01-03 04:00:00.000;301,93
2;2026-01-03 03:00:00.000;300,42
2;2026-01-03 02:00:00.000;292,34
2;2026-01-03 01:00:00.000;292,11
2;2026-01-03 00:00:00.000;300,43
2;2026-01-02 23:00:00.000;300,7
2;2026-01-02 22:00:00.000;299,52
2;2026-01-02 21:00:00.000;293,66
2;2026-01-02 20:00:00.000;297,02
2;2026-01-02 19:00:00.000;305,09
2;2026-01-02 18:00:00.000;299,52
2;2026-01-02 17:00:00.000;302,53
2;2026-01-02 16:00:00.000;290,66
2;2026-01-02 15:00:00.000;296,94
2;2026-01-02 14:00:00.000;297,56
2;2026-01-02 13:00:00.000;291,82
2;2026-01-02 12:00:00.000;296,76
2;2026-01-02 11:00:00.000;298,06
2;2026-01-02 10:00:00.000;301,9
2;2026-01-02 09:00:00.000;301,33
2;2026-01-02 08:00:00.000;304,44
2;2026-01-02 07:00:00.000;303,32
2;2026-01-02 06:00:00.000;308,85
2;2026-01-02 05:00:00.000;306,54
2;2026-01-02 04:00:00.000;304,94
2;2026-01-02 03:00:00.000;309,63
2;2026-01-02 02:00:00.000;299,87
2;2026-01-02 01:00:00.000;301,02
2;2026-01-02 00:00:00.000;292,52
2;2026-01-01 23:00:00.000;303,48
2;2026-01-01 22:00:00.000;307,17
2;2026-01-01 21:00:00.000;299,93
2;2026-01-01 20:00:00.000;290,19
2;2026-01-01 19:00:00.000;308,58
2;2026-01-01 18:00:00.000;301,08
2;2026-01-01 17:00:00.000;296,14
2;2026-01-01 16:00:00.000;293,63
2;2026-01-01 15:00:00.000;305,81
2;2026-01-01 14:00:00.000;295,86
2;2026-01-01 13:00:00.000;298,22
2;2026-01-01 12:00:00.000;309,35
2;2026-01-01 11:00:00.000;298,11
2;2026-01-01 10:00:00.000;291,62
2;2026-01-01 09:00:00.000;303,02
2;2026-01-01 08:00:00.000;298,83
2;2026-01-01 07:00:00.000;292,29
2;2026-01-01 06:00:00.000;300,17
2;2026-01-01 05:00:00.000;294,2
2;2026-01-01 04:00:00.000;293,8
2;2026-01-01 03:00:00.000;293,88
2;2026-01-01 02:00:00.000;309,14
2;2026-01-01 01:00:00.000;306,72
2;2026-01-01 00:00:00.000;291,23
